{"initial_reset_timestamp": 1510499727.721609, "timestamps": [1510499732.354312, 1510499739.0364723, 1510499742.290948, 1510499746.651546, 1510499750.0697508, 1510499753.1390631, 1510499756.6042655, 1510499759.8986547, 1510499765.5276856, 1510499770.5498307, 1510499775.1532712, 1510499778.7556891, 1510499783.3099542, 1510499787.5064769, 1510499791.0147674, 1510499794.9018097, 1510499798.9313388, 1510499802.935644, 1510499821.630079, 1510499825.2060912, 1510499830.9233642, 1510499847.901947, 1510499851.9221008, 1510499855.887524, 1510499859.158787, 1510499863.0539608, 1510499866.292293, 1510499871.1904385, 1510499874.428311, 1510499878.8920057, 1510499881.9638247], "episode_lengths": [2014, 2938, 1965, 2650, 2041, 1801, 1997, 1874, 2251, 2465, 2587, 2056, 2556, 2358, 2057, 2243, 2234, 2067, 10000, 1897, 2834, 10000, 2430, 2405, 1976, 2343, 1968, 2118, 1945, 2704, 1844], "episode_rewards": [102.0, 413.0, 127.0, 246.0, 110.0, 70.0, 101.0, 81.0, 122.0, 178.0, 400.0, 104.0, 203.0, 124.0, 147.0, 129.0, 138.0, 82.0, 282.0, 77.0, 333.0, 238.0, 228.0, 193.0, 169.0, 238.0, 130.0, 140.0, 120.0, 297.0, 123.0], "episode_types": ["t", "t", "t", "t", "t", "t", "t", "t", "t", "t", "t", "t", "t", "t", "t", "t", "t", "t", "t", "t", "t", "t", "t", "t", "t", "t", "t", "t", "t", "t", "t", "t"]}